Carimbo de data/hora,Nome Completo,Idade ,Município,Trilha ,Gênero,Ocupação atual/Emprego:,Cor ou Raça,Grau de Escolaridade,Participou do Trilhas Anterior,Acesso a net e ao pc,Faixa de Renda Familiar,Motivo da Participação,Escola de Origem
2023/12/15 13:18:17,DESAFIO,24,São Luís,Programação (Front-end),Feminino,Nunca Trabalhei,Parda,Graduação Incompleta (ou cursando),Não,Sim,Até  R$ 1.302,Ter formação em uma das Trilhas,Pública
2023/12/15 14:11:49,DESAFIO,21,São Luís,Programação (Back-end),Masculino,Desempregado,Parda,Graduação Incompleta (ou cursando),Não,Sim,Até  R$ 1.302,Conseguir um emprego,Pública
2023/12/15 14:16:07,DESAFIO,24,São Luís,Programação (Front-end),Masculino,Desempregado,Parda,Graduação Incompleta (ou cursando),Não,Sim,Entre R$ 1.303 e R$ 2.605,Mudança de carreira,Pública
2023/12/15 14:24:20,DESAFIO,22,São Luís,Programação (Back-end),Masculino,"Não estou empregado, mas focando apenas nos estudos",Parda,Graduação Incompleta (ou cursando),Não,Sim,Entre R$ 1.303 e R$ 2.605,Ter formação em uma das Trilhas,Pública
2023/12/15 14:35:51,DESAFIO,23,São Luís,Design e Experiência,Feminino,A busca de emprego,Parda,Graduação Incompleta (ou cursando),Não,Sim,Até  R$ 1.302,Conseguir um emprego,Pública
2023/12/15 14:38:13,DESAFIO,22,São Luís,Design e Experiência,Feminino,Empregado,Preta,Graduação Incompleta (ou cursando),Não,Sim,Até  R$ 1.302,Ter formação em uma das Trilhas,Pública
2023/12/15 15:06:51,DESAFIO,23,São Luís,Design e Experiência,Feminino,Desempregado,Parda,Graduação Incompleta (ou cursando),Não,Sim,Até  R$ 1.302,Mudança de carreira,Pública
2023/12/15 15:08:08,DESAFIO,21,Timon,Programação (Front-end),Feminino,"Não estou empregado, mas focando apenas nos estudos",Parda,Graduação Incompleta (ou cursando),Não,Sim,Até  R$ 1.302,Conseguir um emprego,Pública
2023/12/15 15:13:53,DESAFIO,21,São Luís,Programação (Back-end),Masculino,A busca de emprego,Preta,Graduação Incompleta (ou cursando),Não,Sim,Entre R$ 5.210 e R$ 6.511,Conseguir um emprego,Pública
2023/12/15 15:17:01,DESAFIO,26,São Luís,Programação (Front-end),Masculino,Desempregado,Parda,Ens. Médio Completo,Não,Sim,Até  R$ 1.302,Conseguir um emprego,Pública
2023/12/15 15:17:22,DESAFIO,30,São José de Ribamar,Programação (Back-end),Feminino,A busca de emprego,Branca,Graduação Incompleta (ou cursando),Não,Sim,Entre R$ 1.303 e R$ 2.605,Conseguir um emprego,Pública
2023/12/15 15:17:28,DESAFIO,37,São José de Ribamar,Programação (Front-end),Masculino,A busca de emprego,Parda,Graduação Incompleta (ou cursando),Não,Sim,Entre R$ 2.606 e R$ 3.907,Conseguir um emprego,Pública
2023/12/15 15:30:23,DESAFIO,17,Morros,Programação de Jogos,Masculino,"Não estou empregado, mas focando apenas nos estudos",Parda,Ens. Médio em Curso,Não,Sim,Até  R$ 1.302,Ter formação em uma das Trilhas,Pública
2023/12/15 15:41:49,DESAFIO,24,São Luís,Ciência de Dados,Feminino,A busca de emprego,Parda,Graduação Completa,Não,Sim,Entre R$ 1.303 e R$ 2.605,Conseguir um emprego,Pública
2023/12/15 15:42:56,DESAFIO,21,São Luís,Ciência de Dados,Feminino,Desempregado,Parda,Ens. Médio Completo,Não,Sim,Entre R$ 1.303 e R$ 2.605,Mudança de carreira,Pública
2023/12/15 15:48:06,DESAFIO,24,São Luís,Design e Experiência,Feminino,Autônomo,Parda,Graduação Incompleta (ou cursando),Não,Sim,Entre R$ 1.303 e R$ 2.605,Ter formação em uma das Trilhas,Particular sem Fins Lucrativos
2023/12/15 15:49:53,DESAFIO,22,São Luís,Ciência de Dados,Feminino,Desempregado,Parda,Ens. Médio Completo,Não,Sim,Entre R$ 1.303 e R$ 2.605,Mudança de carreira,Pública
2023/12/15 15:50:28,DESAFIO,23,São Luís,Programação (Back-end),Masculino,Empregado,Branca,Graduação Incompleta (ou cursando),Não,Sim,Entre R$ 3.908 e R$ 5.209,Ter formação em uma das Trilhas,Particular (bolsista 100%)
2023/12/15 15:55:27,DESAFIO,22,São Luís,Ciência de Dados,Masculino,Empregado,Parda,Graduação Incompleta (ou cursando),Não,Sim,Entre R$ 2.606 e R$ 3.907,Ter formação em uma das Trilhas,Pública
2023/12/15 15:59:48,DESAFIO,23,São Luís,Programação (Front-end),Masculino,"Não estou empregado, mas focando apenas nos estudos",Parda,Graduação Incompleta (ou cursando),Não,Sim,Entre R$ 1.303 e R$ 2.605,Ter formação em uma das Trilhas,Pública
2023/12/15 16:01:14,DESAFIO,21,São Luís,Ciência de Dados,Masculino,Empregado,Branca,Graduação Incompleta (ou cursando),Não,Sim,Entre R$ 1.303 e R$ 2.605,Conseguir um emprego,Pública
2023/12/15 16:05:26,DESAFIO,21,São José de Ribamar,Ciência de Dados,Masculino,"Não estou empregado, mas focando apenas nos estudos",Branca,Graduação Incompleta (ou cursando),Não,Sim,Superior a R$ 7.000,Ter formação em uma das Trilhas,Pública
2023/12/15 16:24:51,DESAFIO,26,Paço do Lumiar,Programação (Front-end),Masculino,"Não estou empregado, mas focando apenas nos estudos",Branca,Graduação Incompleta (ou cursando),Não,Sim,Até  R$ 1.302,Ter formação em uma das Trilhas,Particular sem Fins Lucrativos
2023/12/15 16:29:21,DESAFIO,30,São Luís,Programação (Back-end),Masculino,Empregado,Branca,Ens. Médio Completo,Não,Sim,Entre R$ 1.303 e R$ 2.605,Mudança de carreira,Pública
2023/12/15 16:37:06,DESAFIO,37,Rosário,Programação (Back-end),Masculino,"Não estou empregado, mas focando apenas nos estudos",Povos originários,Ens. Médio em Curso,Não,Sim,Até  R$ 1.302,Conseguir um emprego,Pública
2023/12/15 16:40:08,DESAFIO,17,São Luís,Design e Experiência,Feminino,A busca de emprego,Preta,Pós-Graduação Completa,Não,Sim,Entre R$ 1.303 e R$ 2.605,Mudança de carreira,Pública
2023/12/15 16:45:15,DESAFIO,18,Bacabal,Ciência de Dados,Feminino,A busca de emprego,Preta,Ens. Médio em Curso,Não,Sim,Entre R$ 1.303 e R$ 2.605,Receber ajuda financeira,Pública
2023/12/15 16:50:41,DESAFIO,22,Lago da Pedra,Programação (Back-end),Masculino,Desempregado,Parda,Graduação Completa,Não,Sim,Entre R$ 2.606 e R$ 3.907,Conseguir um emprego,Particular (bolsista 100%)
2023/12/15 17:03:09,DESAFIO,18,São Luís,Programação (Back-end),Masculino,Nunca Trabalhei,Parda,Ens. Médio em Curso,Não,Sim,Até  R$ 1.302,Conseguir um emprego,Pública
2023/12/15 17:13:30,DESAFIO,27,São Luís,Programação (Back-end),Masculino,"Empregado, mas não na área tecnológica",Branca,Ens. Médio Completo,Não,Sim,Entre R$ 1.303 e R$ 2.605,Mudança de carreira,Pública
2023/12/15 17:17:34,DESAFIO,27,São Luís,Design e Experiência,Masculino,Empregado,Parda,Graduação Incompleta (ou cursando),Não,Sim,Entre R$ 2.606 e R$ 3.907,Mudança de carreira,Pública
2023/12/15 17:18:33,DESAFIO,22,São Luís,Ciência de Dados,Feminino,A busca de emprego,Parda,Graduação Incompleta (ou cursando),Não,Sim,Entre R$ 1.303 e R$ 2.605,Conseguir um emprego,Pública
2023/12/15 17:21:19,DESAFIO,27,São José de Ribamar,Programação de Jogos,Feminino,Autônomo,Parda,Graduação Incompleta (ou cursando),Não,Sim,Até  R$ 1.302,Ter formação em uma das Trilhas,Pública
2023/12/15 17:23:30,DESAFIO,18,São Luís,Programação (Back-end),Feminino,Nunca Trabalhei,Branca,Ens. Médio Completo,Não,Sim,Entre R$ 3.908 e R$ 5.209,Conseguir um emprego,Pública
2023/12/15 17:24:47,DESAFIO,23,São Luís,Programação (Back-end),Masculino,"Não estou empregado, mas focando apenas nos estudos",Parda,Graduação Incompleta (ou cursando),Não,Sim,Entre R$ 2.606 e R$ 3.907,Ter formação em uma das Trilhas,Particular sem Fins Lucrativos
2023/12/15 17:33:12,DESAFIO,18,Rosário,Programação (Front-end),Masculino,Nunca Trabalhei,Parda,Ens. Médio Completo,Não,Sim,Entre R$ 1.303 e R$ 2.605,Conseguir um emprego,Pública
2023/12/15 17:33:46,DESAFIO,28,São Luís,Ciência de Dados,Feminino,"Empregado, mas não na área tecnológica",Branca,Graduação Incompleta (ou cursando),Não,Sim,Superior a R$ 7.000,Mudança de carreira,Particular sem Fins Lucrativos
2023/12/15 17:49:39,DESAFIO,25,São Luís,Ciência de Dados,Masculino,Desempregado,Branca,Graduação Incompleta (ou cursando),Não,Sim,Entre R$ 2.606 e R$ 3.907,Conseguir um emprego,Particular sem Fins Lucrativos
2023/12/15 17:54:23,DESAFIO,28,São Luís,Ciência de Dados,Feminino,"Empregado, mas não na área tecnológica",Branca,Graduação Incompleta (ou cursando),Não,Sim,Superior a R$ 7.000,Mudança de carreira,Particular sem Fins Lucrativos
2023/12/15 18:00:38,DESAFIO,18,Cachoeira Grande,Programação (Front-end),Masculino,Nunca Trabalhei,Parda,Ens. Médio em Curso,Não,Sim,Entre R$ 2.606 e R$ 3.907,Conseguir um emprego,Pública
2023/12/15 18:08:09,DESAFIO,25,São José de Ribamar,Programação (Back-end),Masculino,A busca de emprego,Parda,Graduação Incompleta (ou cursando),Não,Sim,Entre R$ 3.908 e R$ 5.209,Conseguir um emprego,Pública
2023/12/15 18:16:37,DESAFIO,18,Rosário,Design e Experiência,Feminino,A busca de emprego,Parda,Ens. Médio em Curso,Não,Sim,Até  R$ 1.302,Ter formação em uma das Trilhas,Pública
2023/12/15 18:37:52,DESAFIO,17,Cidelândia,Design e Experiência,Masculino,Autônomo,Parda,Ens. Médio em Curso,Não,Sim,Até  R$ 1.302,Conseguir um emprego,Pública
2023/12/15 18:43:33,DESAFIO,23,São Luís,Programação (Front-end),Masculino,Autônomo,Parda,Graduação Incompleta (ou cursando),Não,Sim,Entre R$ 3.908 e R$ 5.209,Ter formação em uma das Trilhas,Particular sem Fins Lucrativos
2023/12/15 18:45:10,DESAFIO,37,São Luís,Ciência de Dados,Masculino,Desempregado,Parda,Ens. Médio Completo,Não,Sim,Entre R$ 1.303 e R$ 2.605,Ter formação em uma das Trilhas,Pública
2023/12/15 18:49:27,DESAFIO,26,São José de Ribamar,Design e Experiência,Feminino,A busca de emprego,Parda,Graduação Incompleta (ou cursando),Não,Sim,Até  R$ 1.302,Mudança de carreira,Pública
2023/12/15 19:06:20,DESAFIO,22,Pinheiro,Programação (Back-end),Masculino,Desempregado,Parda,Ens. Médio Completo,Não,Sim,Entre R$ 1.303 e R$ 2.605,Conseguir um emprego,Pública
2023/12/15 19:07:29,DESAFIO,23,Paço do Lumiar,Ciência de Dados,Feminino,Autônomo,Branca,Graduação Incompleta (ou cursando),Não,Sim,Até  R$ 1.302,Ter formação em uma das Trilhas,Pública
2023/12/15 19:27:59,DESAFIO,18,Rosário,Design e Experiência,Feminino,A busca de emprego,Parda,Ens. Médio em Curso,Não,Sim,Até  R$ 1.302,Ter formação em uma das Trilhas,Pública
2023/12/15 19:38:36,DESAFIO,17,São Luís,Programação (Front-end),Feminino,"Empregado, mas não na área tecnológica",Preta,Ens. Médio em Curso,Não,Não,Entre R$ 1.303 e R$ 2.605,Ter formação em uma das Trilhas,Pública
2023/12/15 19:45:35,DESAFIO,21,Paço do Lumiar,Programação (Back-end),Masculino,"Não estou empregado, mas focando apenas nos estudos",Preta,Graduação Incompleta (ou cursando),Não,Sim,Entre R$ 1.303 e R$ 2.605,Ter formação em uma das Trilhas,Pública
2023/12/15 19:47:48,DESAFIO,15,Caxias,Design e Experiência,Masculino,Desempregado,Parda,Ens. Médio em Curso,Não,Sim,Até  R$ 1.302,Receber ajuda financeira,Pública
2023/12/15 19:47:53,DESAFIO,28,Morros,Ciência de Dados,Masculino,"Não estou empregado, mas focando apenas nos estudos",Parda,Ens. Médio Completo,Não,Sim,Entre R$ 1.303 e R$ 2.605,Ter formação em uma das Trilhas,Pública
2023/12/15 19:50:39,DESAFIO,19,Barreirinhas,Programação (Front-end),Masculino,"Não estou empregado, mas focando apenas nos estudos",Parda,Ens. Médio em Curso,Não,Sim,Até  R$ 1.302,Conseguir um emprego,Pública
2023/12/15 19:51:09,DESAFIO,22,São Luís,Programação (Back-end),Masculino,Nunca Trabalhei,Parda,Graduação Incompleta (ou cursando),Não,Não,Até  R$ 1.302,Receber ajuda financeira,Pública
2023/12/15 19:55:54,DESAFIO,20,Pinheiro,Programação (Back-end),Feminino,Desempregado,Branca,Ens. Médio Completo,Não,Sim,Até  R$ 1.302,Ter formação em uma das Trilhas,Pública
2023/12/15 20:14:56,DESAFIO,34,São José de Ribamar,Programação (Back-end),Masculino,Desempregado,Preta,Ens. Médio Completo,Não,Sim,Até  R$ 1.302,Conseguir um emprego,Pública
2023/12/15 20:19:10,DESAFIO,30,Icatu,Ciência de Dados,Masculino,A busca de emprego,Parda,Graduação Completa,Não,Sim,Até  R$ 1.302,Ter formação em uma das Trilhas,Pública
2023/12/15 20:19:12,DESAFIO,16,Barreirinhas,Programação de Jogos,Masculino,"Não estou empregado, mas focando apenas nos estudos",Parda,Ens. Médio em Curso,Não,Sim,Até  R$ 1.302,Ter formação em uma das Trilhas,Pública
2023/12/15 20:19:22,DESAFIO,20,São Luís,Ciência de Dados,Masculino,A busca de emprego,Parda,Graduação Incompleta (ou cursando),Não,Sim,Entre R$ 1.303 e R$ 2.605,Conseguir um emprego,Pública
2023/12/15 20:22:11,DESAFIO,16,São Luís,Programação (Front-end),Feminino,"Não estou empregado, mas focando apenas nos estudos",Parda,Ens. Médio em Curso,Não,Sim,Até  R$ 1.302,Conseguir um emprego,Pública
2023/12/15 20:26:45,DESAFIO,17,Bacabeira,Design e Experiência,Masculino,"Não estou empregado, mas focando apenas nos estudos",Branca,Ens. Médio Completo,Não,Sim,Entre R$ 1.303 e R$ 2.605,Ter formação em uma das Trilhas,Pública
2023/12/15 20:39:09,DESAFIO,23,Paço do Lumiar,Ciência de Dados,Feminino,A busca de emprego,Preta,Graduação Completa,Não,Sim,Entre R$ 1.303 e R$ 2.605,Conseguir um emprego,Pública
2023/12/15 20:48:47,DESAFIO,22,São Luís,Programação (Back-end),Masculino,Empregado,Preta,Ens. Médio Completo,Não,Sim,Entre R$ 1.303 e R$ 2.605,Ter formação em uma das Trilhas,Pública
2023/12/15 20:55:02,DESAFIO,18,São Luís,Programação (Front-end),Feminino,Nunca Trabalhei,Preta,Ens. Médio em Curso,Não,Sim,Até  R$ 1.302,Ter formação em uma das Trilhas,Pública
2023/12/15 21:11:03,DESAFIO,23,São Luís,Programação de Jogos,Feminino,Nunca Trabalhei,Parda,Ens. Médio Completo,Não,Sim,Entre R$ 2.606 e R$ 3.907,Conseguir um emprego,Pública
2023/12/15 21:23:27,DESAFIO,19,São Luís,Programação (Back-end),Masculino,"Empregado, mas não na área tecnológica",Parda,Ens. Médio Completo,Não,Sim,Entre R$ 2.606 e R$ 3.907,Mudança de carreira,Pública
2023/12/15 21:37:52,DESAFIO,19,São Luís,Programação de Jogos,Masculino,A busca de emprego,Parda,Ens. Médio Completo,Não,Sim,Até  R$ 1.302,Conseguir um emprego,Pública
2023/12/15 21:48:31,DESAFIO,26,São José de Ribamar,Design e Experiência,Feminino,Desempregado,Parda,Graduação Incompleta (ou cursando),Não,Sim,Até  R$ 1.302,Ter formação em uma das Trilhas,Pública
2023/12/15 21:55:08,DESAFIO,28,São Luís,Ciência de Dados,Masculino,Autônomo,Branca,Graduação Incompleta (ou cursando),Não,Sim,Até  R$ 1.302,Ter formação em uma das Trilhas,Pública
2023/12/15 22:07:00,DESAFIO,38,São Luís,Programação (Front-end),Feminino,"Não estou empregado, mas focando apenas nos estudos",Parda,Graduação Incompleta (ou cursando),Não,Sim,Até  R$ 1.302,Ter formação em uma das Trilhas,Pública
2023/12/15 22:19:14,DESAFIO,36,Alcântara,Design e Experiência,Masculino,Desempregado,Parda,Graduação Incompleta (ou cursando),Não,Sim,Até  R$ 1.302,Ter formação em uma das Trilhas,Pública
2023/12/15 22:19:42,DESAFIO,28,São Luís,Ciência de Dados,Masculino,Autônomo,Parda,Graduação Completa,Não,Sim,Entre R$ 1.303 e R$ 2.605,Ter formação em uma das Trilhas,Pública
2023/12/15 22:41:53,DESAFIO,30,São Luís,Ciência de Dados,Feminino,A busca de emprego,Preta,Graduação Incompleta (ou cursando),Não,Sim,Até  R$ 1.302,Ter formação em uma das Trilhas,Pública
2023/12/15 22:57:01,DESAFIO,18,Morros,Programação (Back-end),Masculino,"Não estou empregado, mas focando apenas nos estudos",Parda,Ens. Médio em Curso,Não,Não,Até  R$ 1.302,Conseguir um emprego,Pública
2023/12/15 23:19:26,DESAFIO,17,Raposa,Design e Experiência,Masculino,A busca de emprego,Parda,Ens. Médio Completo,Não,Sim,Entre R$ 1.303 e R$ 2.605,Mudança de carreira,Pública
2023/12/15 23:33:15,DESAFIO,19,Paulino Neves,Design e Experiência,Feminino,Desempregado,Parda,Ens. Médio Completo,Não,Sim,Até  R$ 1.302,Conseguir um emprego,Pública
2023/12/16 00:13:10,DESAFIO,19,São Luís,Design e Experiência,Feminino,"Não estou empregado, mas focando apenas nos estudos",Parda,Graduação Incompleta (ou cursando),Não,Sim,Até  R$ 1.302,Conseguir um emprego,Pública
2023/12/16 00:23:50,DESAFIO,16,Raposa,Programação de Jogos,Masculino,A busca de emprego,Parda,Ens. Médio em Curso,Não,Não,Até  R$ 1.302,Conseguir um emprego,Pública
2023/12/16 00:43:26,DESAFIO,25,São Luís,Design e Experiência,Masculino,"Empregado, mas não na área tecnológica",Parda,Graduação Completa,Não,Sim,Entre R$ 1.303 e R$ 2.605,Ter formação em uma das Trilhas,Pública
2023/12/16 00:53:37,DESAFIO,21,Lago do Junco,Programação (Front-end),Feminino,Nunca Trabalhei,Branca,Ens. Médio Completo,Não,Sim,Até  R$ 1.302,Conseguir um emprego,Pública
2023/12/16 00:58:21,DESAFIO,26,Timon,Programação de Jogos,Masculino,Empregado,Preta,Graduação Completa,Não,Sim,Até  R$ 1.302,Mudança de carreira,Pública
2023/12/16 02:08:40,DESAFIO,24,São Luís,Ciência de Dados,Masculino,Empregado,Preta,Graduação Completa,Não,Sim,Até  R$ 1.302,Ter formação em uma das Trilhas,Pública
2023/12/16 02:48:08,DESAFIO,23,São Luís,Ciência de Dados,Masculino,"Não estou empregado, mas focando apenas nos estudos",Branca,Graduação Incompleta (ou cursando),Não,Sim,Entre R$ 1.303 e R$ 2.605,Ter formação em uma das Trilhas,Particular sem Fins Lucrativos
2023/12/16 04:30:48,DESAFIO,24,São Luís,Design e Experiência,Masculino,Autônomo,Preta,Ens. Médio Completo,Não,Sim,Até  R$ 1.302,Ter formação em uma das Trilhas,Pública
2023/12/16 06:21:31,DESAFIO,20,São Luís,Design e Experiência,Masculino,"Não estou empregado, mas focando apenas nos estudos",Parda,Graduação Incompleta (ou cursando),Não,Sim,Entre R$ 1.303 e R$ 2.605,Conseguir um emprego,Pública
2023/12/16 07:35:54,DESAFIO,18,São Luís,Ciência de Dados,Feminino,"Empregado, mas não na área tecnológica",Parda,Ens. Médio Completo,Não,Sim,Até  R$ 1.302,Conseguir um emprego,Pública
2023/12/16 08:57:33,DESAFIO,16,Nova Olinda do Maranhão,Programação (Back-end),Masculino,Desempregado,Parda,Ens. Médio em Curso,Não,Sim,Entre R$ 5.210 e R$ 6.511,Mudança de carreira,Pública
2023/12/16 09:30:20,DESAFIO,22,São Luís,Programação (Back-end),Masculino,Autônomo,Parda,Ens. Médio Completo,Não,Sim,Entre R$ 1.303 e R$ 2.605,Ter formação em uma das Trilhas,Pública
2023/12/16 09:39:28,DESAFIO,24,Porto Rico do Maranhão,Programação (Front-end),Masculino,"Empregado, mas não na área tecnológica",Parda,Graduação Completa,Não,Sim,Entre R$ 2.606 e R$ 3.907,Conseguir um emprego,Pública
2023/12/16 09:42:49,DESAFIO,18,São Luís,Programação (Front-end),Masculino,Desempregado,Parda,Ens. Médio Completo,Não,Sim,Entre R$ 1.303 e R$ 2.605,Conseguir um emprego,Pública
2023/12/16 09:50:45,DESAFIO,22,São Luís,Programação (Front-end),Masculino,"Não estou empregado, mas focando apenas nos estudos",Parda,Graduação Incompleta (ou cursando),Não,Sim,Entre R$ 3.908 e R$ 5.209,Mudança de carreira,Pública
2023/12/16 10:23:51,DESAFIO,18,Santa Rita,Programação de Jogos,Masculino,Desempregado,Branca,Ens. Médio em Curso,Não,Sim,Até  R$ 1.302,Conseguir um emprego,Pública
2023/12/16 10:49:19,DESAFIO,17,São Luís,Programação (Back-end),Masculino,A busca de emprego,Parda,Ens. Médio em Curso,Não,Sim,Entre R$ 1.303 e R$ 2.605,Conseguir um emprego,Pública
2023/12/16 11:07:58,DESAFIO,27,São Luís,Programação (Front-end),Masculino,Autônomo,Parda,Ens. Médio Completo,Não,Sim,Até  R$ 1.302,Ter formação em uma das Trilhas,Pública
2023/12/16 11:21:35,DESAFIO,17,São Luís,Programação (Back-end),Feminino,Nunca Trabalhei,Branca,Ens. Médio em Curso,Não,Sim,Até  R$ 1.302,Ter formação em uma das Trilhas,Pública
2023/12/16 11:34:27,DESAFIO,43,Imperatriz,Ciência de Dados,Masculino,A busca de emprego,Povos originários,Graduação Incompleta (ou cursando),Não,Sim,Até  R$ 1.302,Conseguir um emprego,Pública
2023/12/16 11:34:38,DESAFIO,19,São José de Ribamar,Design e Experiência,Masculino,A busca de emprego,Preta,Graduação Incompleta (ou cursando),Não,Sim,Entre R$ 2.606 e R$ 3.907,Conseguir um emprego,Pública
2023/12/16 11:46:25,DESAFIO,23,São Luís,Programação (Back-end),Masculino,Desempregado,Branca,Graduação Completa,Não,Sim,Entre R$ 1.303 e R$ 2.605,Ter formação em uma das Trilhas,Pública
2023/12/16 12:02:15,DESAFIO,21,Barreirinhas,Design e Experiência,Feminino,"Não estou empregado, mas focando apenas nos estudos",Parda,Ens. Médio Completo,Não,Sim,Até  R$ 1.302,Ter formação em uma das Trilhas,Pública
2023/12/16 12:26:33,DESAFIO,26,São Luís,Programação (Back-end),Masculino,"Não estou empregado, mas focando apenas nos estudos",Parda,Pós-Graduação Incompleta (ou cursando),Não,Sim,Até  R$ 1.302,Ter formação em uma das Trilhas,Pública
2023/12/16 12:27:52,DESAFIO,25,Nova Olinda do Maranhão,Ciência de Dados,Feminino,Desempregado,Branca,Graduação Completa,Não,Sim,Entre R$ 2.606 e R$ 3.907,Conseguir um emprego,Pública
2023/12/16 12:46:26,DESAFIO,20,São Luís,Programação (Back-end),Masculino,"Não estou empregado, mas focando apenas nos estudos",Branca,Graduação Incompleta (ou cursando),Não,Sim,Entre R$ 3.908 e R$ 5.209,Ter formação em uma das Trilhas,Pública
2023/12/16 12:56:39,DESAFIO,26,São Luís,Programação (Back-end),Masculino,Desempregado,Parda,Graduação Incompleta (ou cursando),Não,Sim,Entre R$ 1.303 e R$ 2.605,Mudança de carreira,Pública
2023/12/16 12:57:40,DESAFIO,22,Paço do Lumiar,Programação (Front-end),Feminino,Empregado,Branca,Graduação Incompleta (ou cursando),Não,Sim,Entre R$ 1.303 e R$ 2.605,Ter formação em uma das Trilhas,Pública
2023/12/16 13:01:38,DESAFIO,29,São Luís,Programação (Back-end),Feminino,"Não estou empregado, mas focando apenas nos estudos",Parda,Graduação Incompleta (ou cursando),Não,Sim,Até  R$ 1.302,Conseguir um emprego,Particular sem Fins Lucrativos
2023/12/16 13:22:08,DESAFIO,23,São Luís,Programação (Back-end),Feminino,Desempregado,Preta,Graduação Incompleta (ou cursando),Não,Sim,Até  R$ 1.302,Conseguir um emprego,Pública
2023/12/16 13:31:17,DESAFIO,23,São Luís,Programação (Front-end),Masculino,A busca de emprego,Parda,Graduação Incompleta (ou cursando),Não,Sim,Até  R$ 1.302,Ter formação em uma das Trilhas,Pública
2023/12/16 13:58:35,DESAFIO,23,São Luís,Programação (Front-end),Masculino,Empregado,Branca,Graduação Incompleta (ou cursando),Não,Sim,Entre R$ 3.908 e R$ 5.209,Ter formação em uma das Trilhas,Particular sem Fins Lucrativos
2023/12/16 14:13:06,DESAFIO,18,São Luís,Programação (Back-end),Masculino,Nunca Trabalhei,Branca,Graduação Incompleta (ou cursando),Não,Sim,Até  R$ 1.302,Conseguir um emprego,Pública
2023/12/16 14:38:33,DESAFIO,22,Viana,Ciência de Dados,Masculino,"Não estou empregado, mas focando apenas nos estudos",Branca,Graduação Incompleta (ou cursando),Não,Sim,Até  R$ 1.302,Ter formação em uma das Trilhas,Pública
2023/12/16 14:58:18,DESAFIO,16,São Luís,Ciência de Dados,Feminino,Desempregado,Parda,Ens. Médio em Curso,Não,Sim,Até  R$ 1.302,Conseguir um emprego,Particular (bolsista 100%)
2023/12/16 15:00:10,DESAFIO,18,Presidente Juscelino,Programação (Front-end),Masculino,"Não estou empregado, mas focando apenas nos estudos",Branca,Ens. Médio em Curso,Não,Sim,Entre R$ 1.303 e R$ 2.605,Ter formação em uma das Trilhas,Pública
2023/12/16 15:17:33,DESAFIO,28,São Luís,Ciência de Dados,Masculino,Desempregado,Branca,Graduação Incompleta (ou cursando),Não,Sim,Entre R$ 1.303 e R$ 2.605,Conseguir um emprego,Particular sem Fins Lucrativos
2023/12/16 15:21:52,DESAFIO,25,São Luís,Programação (Front-end),Masculino,A busca de emprego,Branca,Graduação Incompleta (ou cursando),Não,Sim,Até  R$ 1.302,Conseguir um emprego,Pública
2023/12/16 15:26:40,DESAFIO,29,São Luís,Programação (Front-end),Feminino,"Não estou empregado, mas focando apenas nos estudos",Parda,Ens. Médio Completo,Não,Sim,Até  R$ 1.302,Conseguir um emprego,Pública
2023/12/16 15:29:21,DESAFIO,18,São José de Ribamar,Programação (Back-end),Feminino,"Não estou empregado, mas focando apenas nos estudos",Preta,Graduação Incompleta (ou cursando),Não,Sim,Entre R$ 1.303 e R$ 2.605,Ter formação em uma das Trilhas,Pública
2023/12/16 16:13:50,DESAFIO,27,São Luís,Ciência de Dados,Masculino,A busca de emprego,Parda,Pós-Graduação Completa,Não,Sim,Até  R$ 1.302,Conseguir um emprego,Pública
2023/12/16 16:14:15,DESAFIO,18,Imperatriz,Design e Experiência,Masculino,"Não estou empregado, mas focando apenas nos estudos",Parda,Graduação Incompleta (ou cursando),Não,Sim,Até  R$ 1.302,Ter formação em uma das Trilhas,Pública
2023/12/16 16:29:41,DESAFIO,19,São Luís,Programação (Back-end),Masculino,A busca de emprego,Parda,Ens. Médio Completo,Não,Sim,Até  R$ 1.302,Conseguir um emprego,Pública
2023/12/16 16:35:55,DESAFIO,19,São Luís,Programação (Front-end),Feminino,Desempregado,Preta,Graduação Incompleta (ou cursando),Não,Sim,Entre R$ 1.303 e R$ 2.605,Ter formação em uma das Trilhas,Pública
2023/12/16 16:41:58,DESAFIO,20,Açailândia,Design e Experiência,Masculino,Desempregado,Parda,Ens. Médio Completo,Não,Sim,Até  R$ 1.302,Conseguir um emprego,Pública
2023/12/16 17:18:50,DESAFIO,20,Trizidela do Vale,Ciência de Dados,Masculino,A busca de emprego,Parda,Graduação Incompleta (ou cursando),Não,Sim,Até  R$ 1.302,Ter formação em uma das Trilhas,Pública
2023/12/16 17:19:29,DESAFIO,22,São José de Ribamar,Programação (Back-end),Masculino,"Não estou empregado, mas focando apenas nos estudos",Branca,Graduação Incompleta (ou cursando),Não,Sim,Entre R$ 1.303 e R$ 2.605,Conseguir um emprego,Particular sem Fins Lucrativos
2023/12/16 17:22:55,DESAFIO,18,Imperatriz,Design e Experiência,Feminino,"Não estou empregado, mas focando apenas nos estudos",Branca,Graduação Incompleta (ou cursando),Não,Sim,Entre R$ 1.303 e R$ 2.605,Conseguir um emprego,Pública
2023/12/16 17:23:21,DESAFIO,20,Santa Rita,Programação de Jogos,Masculino,Desempregado,Preta,Ens. Médio Completo,Não,Sim,Entre R$ 1.303 e R$ 2.605,Conseguir um emprego,Pública
2023/12/16 17:24:22,DESAFIO,21,Imperatriz,Programação (Front-end),Feminino,"Não estou empregado, mas focando apenas nos estudos",Branca,Graduação Incompleta (ou cursando),Não,Sim,Entre R$ 2.606 e R$ 3.907,Ter formação em uma das Trilhas,Pública
2023/12/16 17:35:43,DESAFIO,23,São José de Ribamar,Programação de Jogos,Masculino,Autônomo,Parda,Graduação Completa,Sim,Sim,Entre R$ 2.606 e R$ 3.907,Mudança de carreira,Pública
2023/12/16 17:36:20,DESAFIO,23,Imperatriz,Programação de Jogos,Masculino,"Não estou empregado, mas focando apenas nos estudos",Branca,Graduação Incompleta (ou cursando),Não,Sim,Entre R$ 1.303 e R$ 2.605,Ter formação em uma das Trilhas,Pública
2023/12/16 17:59:51,DESAFIO,22,São Luís,Ciência de Dados,Masculino,Desempregado,Parda,Ens. Médio Completo,Não,Sim,Até  R$ 1.302,Ter formação em uma das Trilhas,Pública
2023/12/16 18:42:00,DESAFIO,21,São José de Ribamar,Design e Experiência,Masculino,A busca de emprego,Parda,Ens. Médio Completo,Não,Sim,Entre R$ 2.606 e R$ 3.907,Conseguir um emprego,Pública
2023/12/16 18:50:25,DESAFIO,27,São José de Ribamar,Design e Experiência,Feminino,Desempregado,Parda,Ens. Médio Completo,Não,Sim,Até  R$ 1.302,Conseguir um emprego,Pública
2023/12/16 18:54:24,DESAFIO,21,São Luís,Programação (Front-end),Masculino,"Não estou empregado, mas focando apenas nos estudos",Preta,Ens. Médio Completo,Não,Sim,Entre R$ 1.303 e R$ 2.605,Conseguir um emprego,Particular sem Fins Lucrativos
2023/12/16 19:03:27,DESAFIO,18,São José de Ribamar,Programação (Back-end),Feminino,A busca de emprego,Parda,Graduação Incompleta (ou cursando),Não,Sim,Até  R$ 1.302,Conseguir um emprego,Pública
2023/12/16 19:46:53,DESAFIO,38,São Luís,Programação (Front-end),Feminino,"Não estou empregado, mas focando apenas nos estudos",Parda,Graduação Incompleta (ou cursando),Não,Sim,Até  R$ 1.302,Ter formação em uma das Trilhas,Pública
2023/12/16 19:59:45,DESAFIO,30,São José de Ribamar,Programação (Back-end),Feminino,A busca de emprego,Branca,Graduação Incompleta (ou cursando),Não,Sim,Entre R$ 1.303 e R$ 2.605,Conseguir um emprego,Pública
2023/12/16 20:02:24,DESAFIO,21,Caxias,Ciência de Dados,Masculino,Desempregado,Parda,Ens. Médio Completo,Não,Sim,Entre R$ 1.303 e R$ 2.605,Conseguir um emprego,Pública
2023/12/16 20:05:18,DESAFIO,20,Trizidela do Vale,Design e Experiência,Masculino,A busca de emprego,Parda,Graduação Incompleta (ou cursando),Não,Sim,Até  R$ 1.302,Ter formação em uma das Trilhas,Pública
2023/12/16 20:08:50,DESAFIO,30,São José de Ribamar,Programação (Back-end),Feminino,A busca de emprego,Branca,Graduação Incompleta (ou cursando),Não,Sim,Entre R$ 1.303 e R$ 2.605,Conseguir um emprego,Pública
2023/12/16 20:20:20,DESAFIO,17,São Luís,Programação (Front-end),Masculino,Nunca Trabalhei,Parda,Ens. Médio em Curso,Não,Sim,Entre R$ 2.606 e R$ 3.907,Ter formação em uma das Trilhas,Pública
2023/12/16 20:24:29,DESAFIO,20,Paço do Lumiar,Programação (Back-end),Masculino,A busca de emprego,Parda,Ens. Médio Completo,Não,Sim,Entre R$ 1.303 e R$ 2.605,Ter formação em uma das Trilhas,Pública
2023/12/16 20:25:00,DESAFIO,19,São José de Ribamar,Programação (Back-end),Masculino,Nunca Trabalhei,Parda,Graduação Incompleta (ou cursando),Não,Sim,Entre R$ 1.303 e R$ 2.605,Conseguir um emprego,Pública
2023/12/16 20:37:00,DESAFIO,26,Loreto,Programação (Back-end),Feminino,"Empregado, mas não na área tecnológica",Parda,Graduação Incompleta (ou cursando),Não,Sim,Até  R$ 1.302,Mudança de carreira,Pública
2023/12/16 21:02:54,DESAFIO,24,Presidente Médici,Programação (Back-end),Masculino,Nunca Trabalhei,Parda,Graduação Incompleta (ou cursando),Não,Sim,Até  R$ 1.302,Ter formação em uma das Trilhas,Pública
2023/12/16 21:11:16,DESAFIO,27,São Luís,Programação (Back-end),Masculino,Empregado,Parda,Graduação Incompleta (ou cursando),Não,Sim,Entre R$ 1.303 e R$ 2.605,Conseguir um emprego,Particular sem Fins Lucrativos
2023/12/16 21:22:57,DESAFIO,25,Paço do Lumiar,Programação (Back-end),Feminino,"Não estou empregado, mas focando apenas nos estudos",Branca,Ens. Médio Completo,Não,Sim,Até  R$ 1.302,Conseguir um emprego,Pública
2023/12/16 22:02:01,DESAFIO,20,São Luís,Programação (Front-end),Masculino,Nunca Trabalhei,Parda,Ens. Médio Completo,Não,Sim,Até  R$ 1.302,Conseguir um emprego,Pública
2023/12/16 22:08:33,DESAFIO,26,São Luís,Ciência de Dados,Masculino,"Não estou empregado, mas focando apenas nos estudos",Branca,Graduação Incompleta (ou cursando),Não,Sim,Entre R$ 1.303 e R$ 2.605,Mudança de carreira,Pública
2023/12/17 07:01:59,DESAFIO,25,São Luís,Programação (Back-end),Masculino,"Não estou empregado, mas focando apenas nos estudos",Branca,Ens. Médio Completo,Não,Sim,Até  R$ 1.302,Ter formação em uma das Trilhas,Pública
2023/12/17 08:38:33,DESAFIO,19,Imperatriz,Ciência de Dados,Feminino,"Não estou empregado, mas focando apenas nos estudos",Preta,Ens. Médio Completo,Não,Sim,Entre R$ 2.606 e R$ 3.907,Ter formação em uma das Trilhas,Pública
2023/12/17 08:47:17,DESAFIO,21,Imperatriz,Programação (Front-end),Feminino,Autônomo,Preta,Graduação Incompleta (ou cursando),Não,Sim,Entre R$ 2.606 e R$ 3.907,Ter formação em uma das Trilhas,Pública
2023/12/17 09:01:10,DESAFIO,16,Nova Olinda do Maranhão,Programação de Jogos,Masculino,"Não estou empregado, mas focando apenas nos estudos",Preta,Ens. Médio em Curso,Não,Sim,Entre R$ 2.606 e R$ 3.907,Ter formação em uma das Trilhas,Pública
2023/12/17 09:11:56,DESAFIO,27,São José de Ribamar,Ciência de Dados,Masculino,"Não estou empregado, mas focando apenas nos estudos",Parda,Graduação Incompleta (ou cursando),Não,Sim,Entre R$ 5.210 e R$ 6.511,Conseguir um emprego,Pública
2023/12/17 09:46:11,DESAFIO,19,Imperatriz,Programação (Front-end),Masculino,"Não estou empregado, mas focando apenas nos estudos",Parda,Graduação Incompleta (ou cursando),Não,Sim,Entre R$ 1.303 e R$ 2.605,Ter formação em uma das Trilhas,Pública
2023/12/17 10:02:13,DESAFIO,23,São Luís,Programação (Front-end),Masculino,"Não estou empregado, mas focando apenas nos estudos",Parda,Ens. Médio Completo,Não,Sim,Entre R$ 3.908 e R$ 5.209,Ter formação em uma das Trilhas,Pública
2023/12/17 11:00:01,DESAFIO,18,Pinheiro,Ciência de Dados,Feminino,Desempregado,Parda,Ens. Médio Completo,Não,Não,Até  R$ 1.302,Conseguir um emprego,Pública
2023/12/17 11:05:44,DESAFIO,16,São José de Ribamar,Programação de Jogos,Masculino,"Não estou empregado, mas focando apenas nos estudos",Branca,Ens. Médio em Curso,Não,Sim,Até  R$ 1.302,Ter formação em uma das Trilhas,Pública
2023/12/17 11:30:07,DESAFIO,19,São Luís,Programação (Back-end),Feminino,"Não estou empregado, mas focando apenas nos estudos",Parda,Graduação Incompleta (ou cursando),Não,Sim,Entre R$ 1.303 e R$ 2.605,Ter formação em uma das Trilhas,Pública
2023/12/17 11:30:16,DESAFIO,18,São José de Ribamar,Design e Experiência,Feminino,Desempregado,Parda,Ens. Médio Completo,Não,Não,Até  R$ 1.302,Conseguir um emprego,Pública
2023/12/17 11:39:57,DESAFIO,32,São Luís,Ciência de Dados,Masculino,A busca de emprego,Parda,Ens. Médio Completo,Não,Não,Até  R$ 1.302,Mudança de carreira,Pública
2023/12/17 11:42:49,DESAFIO,18,Paço do Lumiar,Ciência de Dados,Masculino,Nunca Trabalhei,Parda,Graduação Incompleta (ou cursando),Não,Sim,Entre R$ 1.303 e R$ 2.605,Ter formação em uma das Trilhas,Pública
2023/12/17 12:27:00,DESAFIO,39,Godofredo Viana,Ciência de Dados,Masculino,"Empregado, mas não na área tecnológica",Parda,Ens. Médio Completo,Não,Sim,Até  R$ 1.302,Ter formação em uma das Trilhas,Pública
2023/12/17 12:46:49,DESAFIO,16,São Luís,Design e Experiência,Feminino,Nunca Trabalhei,Parda,Ens. Médio em Curso,Não,Sim,Até  R$ 1.302,Receber ajuda financeira,Pública
2023/12/17 13:01:54,DESAFIO,18,Imperatriz,Ciência de Dados,Masculino,Nunca Trabalhei,Preta,Ens. Médio em Curso,Não,Sim,Até  R$ 1.302,Ter formação em uma das Trilhas,Pública
2023/12/17 13:27:40,DESAFIO,26,Santa Inês,Ciência de Dados,Masculino,"Não estou empregado, mas focando apenas nos estudos",Parda,Graduação Incompleta (ou cursando),Não,Sim,Até  R$ 1.302,Conseguir um emprego,Pública
2023/12/17 13:43:06,DESAFIO,20,Imperatriz,Programação (Front-end),Masculino,Empregado,Parda,Graduação Incompleta (ou cursando),Não,Sim,Entre R$ 2.606 e R$ 3.907,Ter formação em uma das Trilhas,Pública
2023/12/17 13:45:25,DESAFIO,18,Imperatriz,Programação (Back-end),Feminino,"Não estou empregado, mas focando apenas nos estudos",Parda,Graduação Incompleta (ou cursando),Não,Sim,Entre R$ 5.210 e R$ 6.511,Receber ajuda financeira,Particular (bolsista 100%)
2023/12/17 13:48:19,DESAFIO,18,São Luís,Design e Experiência,Feminino,Desempregado,Branca,Graduação Incompleta (ou cursando),Não,Sim,Até  R$ 1.302,Conseguir um emprego,Pública
2023/12/17 14:20:05,DESAFIO,23,Matões,Ciência de Dados,Masculino,"Empregado, mas não na área tecnológica",Parda,Ens. Médio Completo,Não,Sim,Entre R$ 1.303 e R$ 2.605,Mudança de carreira,Pública
2023/12/17 14:22:25,DESAFIO,18,Bacabeira,Ciência de Dados,Feminino,Desempregado,Parda,Ens. Médio Completo,Não,Não,Até  R$ 1.302,Conseguir um emprego,Pública
2023/12/17 14:25:22,DESAFIO,23,Santa Filomena do Maranhão,Ciência de Dados,Feminino,Nunca Trabalhei,Parda,Ens. Médio Completo,Não,Sim,Até  R$ 1.302,Conseguir um emprego,Pública
2023/12/17 15:01:19,DESAFIO,27,São Luís,Ciência de Dados,Feminino,Empregado,Branca,Graduação Completa,Não,Sim,Entre R$ 1.303 e R$ 2.605,Mudança de carreira,Pública
2023/12/17 15:15:20,DESAFIO,24,São Luís,Programação (Back-end),Masculino,Desempregado,Branca,Ens. Médio Completo,Não,Sim,Até  R$ 1.302,Ter formação em uma das Trilhas,Pública
2023/12/17 15:20:51,DESAFIO,16,Bacabal,Programação (Back-end),Masculino,A busca de emprego,Parda,Ens. Médio em Curso,Não,Sim,Até  R$ 1.302,Receber ajuda financeira,Particular (bolsista 100%)
2023/12/17 15:51:34,DESAFIO,26,São Luís,Programação (Front-end),Masculino,A busca de emprego,Parda,Graduação Incompleta (ou cursando),Não,Sim,Entre R$ 1.303 e R$ 2.605,Mudança de carreira,Pública
2023/12/17 16:27:46,DESAFIO,20,São Luís,Ciência de Dados,Feminino,"Empregado, mas não na área tecnológica",Branca,Graduação Incompleta (ou cursando),Não,Sim,Entre R$ 5.210 e R$ 6.511,Ter formação em uma das Trilhas,Pública
2023/12/17 17:11:13,DESAFIO,19,São Luís,Ciência de Dados,Masculino,A busca de emprego,Preta,Ens. Médio Completo,Não,Sim,Até  R$ 1.302,Ter formação em uma das Trilhas,Pública
2023/12/17 17:29:14,DESAFIO,41,Açailândia,Ciência de Dados,Masculino,"Empregado, mas não na área tecnológica",Preta,Graduação Incompleta (ou cursando),Não,Sim,Até  R$ 1.302,Mudança de carreira,Pública
2023/12/17 17:32:43,DESAFIO,32,Monção,Programação (Front-end),Masculino,Autônomo,Preta,Graduação Incompleta (ou cursando),Não,Sim,Até  R$ 1.302,Ter formação em uma das Trilhas,Pública
2023/12/17 17:34:12,DESAFIO,28,Arari,Ciência de Dados,Feminino,Desempregado,Parda,Ens. Médio Completo,Não,Sim,Até  R$ 1.302,Conseguir um emprego,Pública
2023/12/17 17:42:32,DESAFIO,25,Pinheiro,Design e Experiência,Feminino,"Não estou empregado, mas focando apenas nos estudos",Branca,Ens. Médio Completo,Não,Sim,Entre R$ 2.606 e R$ 3.907,Ter formação em uma das Trilhas,Particular sem Fins Lucrativos
2023/12/17 17:43:19,DESAFIO,35,Grajaú,Design e Experiência,Masculino,"Empregado, mas não na área tecnológica",Branca,Graduação Completa,Não,Sim,Entre R$ 1.303 e R$ 2.605,Ter formação em uma das Trilhas,Pública
2023/12/17 17:43:28,DESAFIO,26,Bacabal,Ciência de Dados,Feminino,A busca de emprego,Parda,Graduação Incompleta (ou cursando),Não,Sim,Até  R$ 1.302,Receber ajuda financeira,Pública
2023/12/17 17:47:37,DESAFIO,28,São Luís Gonzaga do Maranhão,Ciência de Dados,Masculino,Empregado,Parda,Ens. Médio Completo,Não,Sim,Entre R$ 1.303 e R$ 2.605,Mudança de carreira,Pública
2023/12/17 17:48:42,DESAFIO,17,Cidelândia,Design e Experiência,Masculino,Autônomo,Parda,Ens. Médio em Curso,Não,Sim,Até  R$ 1.302,Ter formação em uma das Trilhas,Pública
2023/12/17 17:51:14,DESAFIO,37,Barra do Corda,Ciência de Dados,Feminino,Empregado,Parda,Graduação Completa,Não,Sim,Até  R$ 1.302,Receber ajuda financeira,Particular sem Fins Lucrativos
2023/12/17 17:57:13,DESAFIO,19,Bacabal,Programação (Back-end),Feminino,"Não estou empregado, mas focando apenas nos estudos",Parda,Graduação Incompleta (ou cursando),Não,Sim,Entre R$ 2.606 e R$ 3.907,Conseguir um emprego,Particular (bolsista 100%)
2023/12/17 18:02:23,DESAFIO,39,Balsas,Ciência de Dados,Masculino,"Não estou empregado, mas focando apenas nos estudos",Preta,Graduação Completa,Não,Sim,Entre R$ 1.303 e R$ 2.605,Conseguir um emprego,Pública
2023/12/17 18:05:40,DESAFIO,28,Turiaçu,Programação (Front-end),Feminino,Empregado,Preta,Pós-Graduação Completa,Não,Sim,Entre R$ 1.303 e R$ 2.605,Ter formação em uma das Trilhas,Pública
2023/12/17 18:16:52,DESAFIO,37,São João dos Patos,Ciência de Dados,Masculino,"Empregado, mas não na área tecnológica",Branca,Pós-Graduação Incompleta (ou cursando),Não,Sim,Entre R$ 2.606 e R$ 3.907,Ter formação em uma das Trilhas,Pública
2023/12/17 18:17:02,DESAFIO,37,Zé Doca,Ciência de Dados,Masculino,Empregado,Parda,Ens. Médio Completo,Não,Sim,Entre R$ 1.303 e R$ 2.605,Ter formação em uma das Trilhas,Particular sem Fins Lucrativos
2023/12/17 18:18:07,DESAFIO,22,São Luís Gonzaga do Maranhão,Programação (Front-end),Masculino,Desempregado,Parda,Graduação Incompleta (ou cursando),Não,Sim,Até  R$ 1.302,Conseguir um emprego,Pública
2023/12/17 18:19:26,DESAFIO,19,Grajaú,Programação de Jogos,Feminino,"Não estou empregado, mas focando apenas nos estudos",Parda,Graduação Incompleta (ou cursando),Não,Sim,Até  R$ 1.302,Ter formação em uma das Trilhas,Pública
2023/12/17 18:19:42,DESAFIO,17,São Luís,Programação (Front-end),Masculino,Nunca Trabalhei,Parda,Ens. Médio em Curso,Não,Sim,Até  R$ 1.302,Conseguir um emprego,Pública
2023/12/17 18:21:42,DESAFIO,18,Bacabal,Programação (Back-end),Masculino,Desempregado,Parda,Ens. Médio em Curso,Não,Sim,Até  R$ 1.302,Conseguir um emprego,Pública
2023/12/17 18:26:52,DESAFIO,27,São Luís,Programação (Back-end),Feminino,Desempregado,Parda,Ens. Médio Completo,Não,Sim,Até  R$ 1.302,Conseguir um emprego,Pública
2023/12/17 18:32:41,DESAFIO,20,São José de Ribamar,Ciência de Dados,Masculino,Desempregado,Parda,Graduação Incompleta (ou cursando),Não,Sim,Entre R$ 1.303 e R$ 2.605,Ter formação em uma das Trilhas,Pública
2023/12/17 18:40:07,DESAFIO,22,Conceição do Lago-Açu,Programação (Back-end),Masculino,"Empregado, mas não na área tecnológica",Parda,Ens. Médio Completo,Não,Sim,Entre R$ 1.303 e R$ 2.605,Mudança de carreira,Pública
2023/12/17 18:41:54,DESAFIO,26,Palmeirândia,Ciência de Dados,Feminino,A busca de emprego,Branca,Ens. Médio Completo,Não,Sim,Até  R$ 1.302,Ter formação em uma das Trilhas,Pública
2023/12/17 18:46:09,DESAFIO,33,Coroatá,Programação (Front-end),Masculino,Empregado,Branca,Graduação Completa,Não,Sim,Entre R$ 2.606 e R$ 3.907,Conseguir um emprego,Pública
2023/12/17 18:48:32,DESAFIO,17,Cedral,Ciência de Dados,Feminino,"Não estou empregado, mas focando apenas nos estudos",Branca,Ens. Médio em Curso,Não,Sim,Até  R$ 1.302,Ter formação em uma das Trilhas,Pública
2023/12/17 18:48:47,DESAFIO,22,Codó,Programação (Front-end),Masculino,Empregado,Parda,Ens. Médio Completo,Não,Sim,Entre R$ 1.303 e R$ 2.605,Ter formação em uma das Trilhas,Pública
2023/12/17 18:52:51,DESAFIO,17,Bacabal,Design e Experiência,Feminino,A busca de emprego,Preta,Ens. Médio em Curso,Não,Sim,Entre R$ 1.303 e R$ 2.605,Ter formação em uma das Trilhas,Pública
2023/12/17 18:55:01,DESAFIO,20,São Luís,Ciência de Dados,Masculino,"Não estou empregado, mas focando apenas nos estudos",Preta,Graduação Incompleta (ou cursando),Não,Sim,Até  R$ 1.302,Ter formação em uma das Trilhas,Pública
2023/12/17 18:56:20,DESAFIO,30,Paço do Lumiar,Design e Experiência,Feminino,Desempregado,Preta,Graduação Completa,Não,Sim,Até  R$ 1.302,Mudança de carreira,Particular (bolsista 100%)
2023/12/17 19:01:36,DESAFIO,28,Codó,Programação (Front-end),Masculino,Desempregado,Parda,Ens. Médio Completo,Não,Sim,Entre R$ 1.303 e R$ 2.605,Ter formação em uma das Trilhas,Pública
2023/12/17 19:02:15,DESAFIO,41,São Luís,Ciência de Dados,Masculino,Autônomo,Preta,Graduação Incompleta (ou cursando),Não,Sim,Até  R$ 1.302,Ter formação em uma das Trilhas,Pública
2023/12/17 19:02:27,DESAFIO,19,São José de Ribamar,Programação (Front-end),Masculino,"Não estou empregado, mas focando apenas nos estudos",Preta,Graduação Incompleta (ou cursando),Não,Sim,Até  R$ 1.302,Ter formação em uma das Trilhas,Pública
2023/12/17 19:08:10,DESAFIO,17,São Luís,Programação de Jogos,Feminino,Nunca Trabalhei,Parda,Ens. Médio em Curso,Não,Sim,Até  R$ 1.302,Receber ajuda financeira,Pública
2023/12/17 19:14:41,DESAFIO,19,Pindaré-Mirim,Ciência de Dados,Masculino,"Empregado, mas não na área tecnológica",Parda,Ens. Médio Completo,Não,Sim,Até  R$ 1.302,Ter formação em uma das Trilhas,Pública
2023/12/17 19:19:35,DESAFIO,35,Açailândia,Ciência de Dados,Feminino,A busca de emprego,Parda,Graduação Completa,Sim,Sim,Até  R$ 1.302,Ter formação em uma das Trilhas,Pública
2023/12/17 19:20:23,DESAFIO,20,Bacabal,Ciência de Dados,Masculino,"Não estou empregado, mas focando apenas nos estudos",Parda,Ens. Médio Completo,Não,Sim,Superior a R$ 7.000,Conseguir um emprego,Pública
2023/12/17 19:22:23,DESAFIO,32,Bacabal,Ciência de Dados,Masculino,Empregado,Branca,Ens. Médio Completo,Não,Sim,Até  R$ 1.302,Mudança de carreira,Pública
2023/12/17 19:24:46,DESAFIO,33,Timon,Ciência de Dados,Feminino,Empregado,Parda,Pós-Graduação Completa,Não,Sim,Até  R$ 1.302,Conseguir um emprego,Pública
2023/12/17 19:29:13,DESAFIO,18,Santa Inês,Programação (Back-end),Masculino,Desempregado,Branca,Ens. Médio Completo,Não,Sim,Até  R$ 1.302,Mudança de carreira,Pública
2023/12/17 19:29:18,DESAFIO,24,Bom Lugar,Ciência de Dados,Feminino,Desempregado,Parda,Ens. Médio Completo,Não,Sim,Até  R$ 1.302,Conseguir um emprego,Pública
2023/12/17 19:41:31,DESAFIO,22,São Luís,Ciência de Dados,Masculino,A busca de emprego,Parda,Ens. Médio Completo,Não,Sim,Entre R$ 3.908 e R$ 5.209,Conseguir um emprego,Pública
2023/12/17 19:42:10,DESAFIO,19,Zé Doca,Ciência de Dados,Feminino,"Não estou empregado, mas focando apenas nos estudos",Parda,Graduação Incompleta (ou cursando),Não,Sim,Até  R$ 1.302,Ter formação em uma das Trilhas,Pública
2023/12/17 19:43:27,DESAFIO,29,Caxias,Design e Experiência,Feminino,"Empregado, mas não na área tecnológica",Parda,Graduação Incompleta (ou cursando),Não,Sim,Entre R$ 1.303 e R$ 2.605,Ter formação em uma das Trilhas,Pública
2023/12/17 19:45:40,DESAFIO,33,Bacabal,Ciência de Dados,Feminino,"Empregado, mas não na área tecnológica",Parda,Ens. Médio Completo,Não,Sim,Até  R$ 1.302,Ter formação em uma das Trilhas,Pública
2023/12/17 19:45:43,DESAFIO,17,Bacabal,Programação (Front-end),Masculino,A busca de emprego,Parda,Ens. Médio Completo,Não,Sim,Entre R$ 1.303 e R$ 2.605,Receber ajuda financeira,Pública
2023/12/17 19:45:45,DESAFIO,34,Bacabal,Design e Experiência,Masculino,"Empregado, mas não na área tecnológica",Parda,Pós-Graduação Completa,Não,Sim,Entre R$ 1.303 e R$ 2.605,Ter formação em uma das Trilhas,Pública
2023/12/17 19:47:09,DESAFIO,21,Codó,Programação (Front-end),Feminino,"Não estou empregado, mas focando apenas nos estudos",Parda,Graduação Incompleta (ou cursando),Não,Sim,Entre R$ 1.303 e R$ 2.605,Conseguir um emprego,Pública
2023/12/17 19:47:19,DESAFIO,21,Pio XII,Design e Experiência,Masculino,Nunca Trabalhei,Parda,Ens. Médio Completo,Não,Sim,Até  R$ 1.302,Conseguir um emprego,Pública
2023/12/17 19:52:52,DESAFIO,38,Palmeirândia,Programação (Front-end),Masculino,"Empregado, mas não na área tecnológica",Preta,Ens. Médio Completo,Não,Sim,Até  R$ 1.302,Ter formação em uma das Trilhas,Pública
2023/12/17 19:54:07,DESAFIO,48,São Luís,Ciência de Dados,Masculino,Desempregado,Parda,Graduação Completa,Não,Sim,Até  R$ 1.302,Ter formação em uma das Trilhas,Pública
2023/12/17 19:59:43,DESAFIO,25,São José de Ribamar,Programação (Front-end),,"Não estou empregado, mas focando apenas nos estudos",Parda,Ens. Médio Completo,Não,Sim,Até  R$ 1.302,Ter formação em uma das Trilhas,Pública
2023/12/17 20:02:42,DESAFIO,20,Bacabal,Design e Experiência,Feminino,A busca de emprego,Branca,Ens. Médio Completo,Não,Sim,Entre R$ 1.303 e R$ 2.605,Ter formação em uma das Trilhas,Pública
2023/12/17 20:03:13,DESAFIO,29,Bacabal,Ciência de Dados,Masculino,Empregado,Parda,Ens. Médio Completo,Não,Sim,Entre R$ 1.303 e R$ 2.605,Mudança de carreira,Pública
2023/12/17 20:05:32,DESAFIO,24,Paulo Ramos,Ciência de Dados,Masculino,Autônomo,Parda,Graduação Completa,Não,Sim,Até  R$ 1.302,Ter formação em uma das Trilhas,Pública
2023/12/17 20:11:26,DESAFIO,22,Satubinha,Programação (Front-end),Masculino,Desempregado,Parda,Graduação Incompleta (ou cursando),Não,Sim,Até  R$ 1.302,Receber ajuda financeira,Pública
2023/12/17 20:13:35,DESAFIO,25,Santa Inês,Programação (Front-end),Masculino,Desempregado,Branca,Graduação Incompleta (ou cursando),Não,Sim,Entre R$ 1.303 e R$ 2.605,Conseguir um emprego,Pública
2023/12/17 20:13:52,DESAFIO,31,Coroatá,Ciência de Dados,Masculino,Empregado,Parda,Graduação Completa,Não,Sim,Entre R$ 2.606 e R$ 3.907,Receber ajuda financeira,Pública
2023/12/17 20:14:17,DESAFIO,25,Bacabal,Programação (Front-end),Masculino,"Empregado, mas não na área tecnológica",Parda,Graduação Completa,Não,Sim,Entre R$ 3.908 e R$ 5.209,Mudança de carreira,Pública
2023/12/17 20:21:46,DESAFIO,23,São Luís,Ciência de Dados,Feminino,Desempregado,Preta,Graduação Incompleta (ou cursando),Não,Sim,Até  R$ 1.302,Conseguir um emprego,Particular sem Fins Lucrativos
2023/12/17 20:22:24,DESAFIO,21,Satubinha,Programação (Front-end),Feminino,Desempregado,Parda,Graduação Incompleta (ou cursando),Não,Sim,Até  R$ 1.302,Receber ajuda financeira,Pública
2023/12/17 20:23:55,DESAFIO,21,São José de Ribamar,Programação (Front-end),Feminino,"Empregado, mas não na área tecnológica",Branca,Graduação Incompleta (ou cursando),Não,Sim,Entre R$ 1.303 e R$ 2.605,Ter formação em uma das Trilhas,Pública
2023/12/17 20:24:57,DESAFIO,18,Colinas,Design e Experiência,Feminino,A busca de emprego,Branca,Ens. Médio Completo,Não,Sim,Até  R$ 1.302,Ter formação em uma das Trilhas,Pública
2023/12/17 20:25:05,DESAFIO,25,Vitorino Freire,Ciência de Dados,Masculino,Empregado,Parda,Graduação Incompleta (ou cursando),Não,Sim,Entre R$ 1.303 e R$ 2.605,Ter formação em uma das Trilhas,Pública
2023/12/17 20:27:00,DESAFIO,27,Paço do Lumiar,Design e Experiência,Feminino,A busca de emprego,Parda,Graduação Completa,Não,Sim,Até  R$ 1.302,Ter formação em uma das Trilhas,Pública
2023/12/17 20:27:21,DESAFIO,18,Lago da Pedra,Programação de Jogos,Masculino,"Não estou empregado, mas focando apenas nos estudos",Parda,Ens. Médio Completo,Não,Sim,Entre R$ 1.303 e R$ 2.605,Conseguir um emprego,Pública
2023/12/17 20:29:28,DESAFIO,19,Porto Franco,Design e Experiência,Masculino,"Não estou empregado, mas focando apenas nos estudos",Parda,Graduação Incompleta (ou cursando),Não,Sim,Até  R$ 1.302,Ter formação em uma das Trilhas,Pública
2023/12/17 20:34:07,DESAFIO,20,Bacabal,Programação (Front-end),Feminino,"Não estou empregado, mas focando apenas nos estudos",Preta,Ens. Médio Completo,Não,Sim,Entre R$ 1.303 e R$ 2.605,Conseguir um emprego,Pública
2023/12/17 20:37:36,DESAFIO,18,Bacabal,Design e Experiência,Masculino,"Empregado, mas não na área tecnológica",Preta,Graduação Incompleta (ou cursando),Não,Sim,Até  R$ 1.302,Ter formação em uma das Trilhas,Pública
2023/12/17 20:43:08,DESAFIO,31,São Luís,Ciência de Dados,Masculino,Nunca Trabalhei,Parda,Ens. Médio Completo,Não,Sim,Até  R$ 1.302,Conseguir um emprego,Pública
2023/12/17 20:49:08,DESAFIO,34,São Luís,Ciência de Dados,Masculino,"Empregado, mas não na área tecnológica",Preta,Graduação Incompleta (ou cursando),Não,Sim,Entre R$ 1.303 e R$ 2.605,Mudança de carreira,Pública
2023/12/17 20:50:28,DESAFIO,30,Dom Pedro,Ciência de Dados,Feminino,Empregado,Preta,Pós-Graduação Completa,Não,Sim,Entre R$ 1.303 e R$ 2.605,Mudança de carreira,Pública
2023/12/17 20:57:11,DESAFIO,32,Bequimão,Ciência de Dados,Feminino,Desempregado,Preta,Ens. Médio Completo,Não,Sim,Até  R$ 1.302,Ter formação em uma das Trilhas,Pública
2023/12/17 20:57:23,DESAFIO,31,Codó,Design e Experiência,Feminino,Desempregado,Parda,Graduação Completa,Não,Sim,Até  R$ 1.302,Conseguir um emprego,Pública
2023/12/17 20:57:57,DESAFIO,22,São Luís,Ciência de Dados,Masculino,"Empregado, mas não na área tecnológica",Parda,Graduação Incompleta (ou cursando),Não,Sim,Entre R$ 2.606 e R$ 3.907,Ter formação em uma das Trilhas,Pública
2023/12/17 21:01:36,DESAFIO,18,São Luís,Ciência de Dados,Masculino,"Não estou empregado, mas focando apenas nos estudos",Branca,Graduação Incompleta (ou cursando),Não,Sim,Entre R$ 2.606 e R$ 3.907,Ter formação em uma das Trilhas,Pública
2023/12/17 21:04:03,DESAFIO,20,Bom Lugar,Design e Experiência,Feminino,Desempregado,Parda,Graduação Incompleta (ou cursando),Não,Sim,Até  R$ 1.302,Ter formação em uma das Trilhas,Pública
2023/12/17 21:04:38,DESAFIO,25,São Luís,Ciência de Dados,Masculino,Desempregado,Parda,Ens. Médio Completo,Não,Sim,Entre R$ 2.606 e R$ 3.907,Conseguir um emprego,Pública
2023/12/17 21:06:19,DESAFIO,24,Lago do Junco,Programação (Front-end),Masculino,"Não estou empregado, mas focando apenas nos estudos",Parda,Ens. Médio Completo,Não,Sim,Entre R$ 1.303 e R$ 2.605,Conseguir um emprego,Pública
2023/12/17 21:07:00,DESAFIO,35,São Luís,Programação (Front-end),Masculino,A busca de emprego,Branca,Graduação Completa,Não,Sim,Entre R$ 1.303 e R$ 2.605,Ter formação em uma das Trilhas,Pública
2023/12/17 21:07:41,DESAFIO,17,Bacabal,Programação (Back-end),Masculino,"Empregado, mas não na área tecnológica",Parda,Ens. Médio em Curso,Não,Sim,Até  R$ 1.302,Conseguir um emprego,Pública
2023/12/17 21:08:16,DESAFIO,23,Bacabal,Programação de Jogos,Feminino,Desempregado,Parda,Graduação Completa,Não,Sim,Até  R$ 1.302,Ter formação em uma das Trilhas,Pública
2023/12/17 21:09:54,DESAFIO,20,Raposa,Programação (Front-end),Masculino,"Não estou empregado, mas focando apenas nos estudos",Parda,Ens. Médio em Curso,Não,Sim,Entre R$ 1.303 e R$ 2.605,Ter formação em uma das Trilhas,Pública
2023/12/17 21:13:13,DESAFIO,43,São Luís,Programação (Back-end),Masculino,Autônomo,Povos originários,Graduação Incompleta (ou cursando),Não,Sim,Até  R$ 1.302,Conseguir um emprego,Pública
2023/12/17 21:22:38,DESAFIO,25,São Luís,Design e Experiência,Feminino,"Não estou empregado, mas focando apenas nos estudos",Parda,Graduação Completa,Não,Sim,Até  R$ 1.302,Ter formação em uma das Trilhas,Pública
2023/12/17 21:25:58,DESAFIO,20,São Luís,Programação (Back-end),Masculino,"Não estou empregado, mas focando apenas nos estudos",Branca,Graduação Incompleta (ou cursando),Não,Sim,Entre R$ 2.606 e R$ 3.907,Ter formação em uma das Trilhas,Pública
2023/12/17 21:37:01,DESAFIO,33,São Luís,Ciência de Dados,Masculino,Empregado,Parda,Graduação Incompleta (ou cursando),Não,Sim,Entre R$ 2.606 e R$ 3.907,Ter formação em uma das Trilhas,Pública
2023/12/17 21:38:40,DESAFIO,34,Bacabal,Programação (Front-end),Masculino,"Empregado, mas não na área tecnológica",Parda,Graduação Completa,Não,Sim,Entre R$ 1.303 e R$ 2.605,Ter formação em uma das Trilhas,Pública
2023/12/17 21:39:05,DESAFIO,40,São Luís,Ciência de Dados,Masculino,Empregado,Branca,Graduação Completa,Não,Sim,Entre R$ 2.606 e R$ 3.907,Ter formação em uma das Trilhas,Pública
2023/12/17 21:40:05,DESAFIO,27,São Luís,Programação (Front-end),Masculino,A busca de emprego,Parda,Graduação Completa,Não,Sim,Até  R$ 1.302,Conseguir um emprego,Pública
2023/12/17 21:42:38,DESAFIO,33,Bacabal,Programação (Front-end),Masculino,Empregado,Parda,Graduação Completa,Não,Sim,Entre R$ 1.303 e R$ 2.605,Mudança de carreira,Pública
2023/12/17 21:45:24,DESAFIO,16,Santa Inês,Programação (Back-end),Masculino,A busca de emprego,Parda,Ens. Médio em Curso,Não,Sim,Entre R$ 2.606 e R$ 3.907,Ter formação em uma das Trilhas,Pública
2023/12/17 21:45:41,DESAFIO,19,Itapecuru Mirim,Design e Experiência,Feminino,A busca de emprego,Branca,Graduação Incompleta (ou cursando),Não,Sim,Até  R$ 1.302,Ter formação em uma das Trilhas,Pública
2023/12/17 21:51:37,DESAFIO,18,São Luís,Programação de Jogos,Masculino,A busca de emprego,Parda,Ens. Médio Completo,Não,Sim,Entre R$ 2.606 e R$ 3.907,Ter formação em uma das Trilhas,Pública
2023/12/17 21:53:51,DESAFIO,36,Imperatriz,Ciência de Dados,Masculino,Empregado,Parda,Graduação Completa,Não,Sim,Entre R$ 3.908 e R$ 5.209,Ter formação em uma das Trilhas,Pública
2023/12/17 21:56:18,DESAFIO,18,Santa Inês,Ciência de Dados,Feminino,Desempregado,Branca,Ens. Médio em Curso,Não,Sim,Entre R$ 1.303 e R$ 2.605,Conseguir um emprego,Pública
2023/12/17 22:02:00,DESAFIO,25,São Domingos do Maranhão,Programação (Back-end),Masculino,"Empregado, mas não na área tecnológica",Branca,Ens. Médio Completo,Não,Sim,Entre R$ 2.606 e R$ 3.907,Mudança de carreira,Pública
2023/12/17 22:02:34,DESAFIO,27,Paço do Lumiar,Programação (Back-end),Masculino,"Não estou empregado, mas focando apenas nos estudos",Branca,Graduação Incompleta (ou cursando),Não,Sim,Entre R$ 1.303 e R$ 2.605,Ter formação em uma das Trilhas,Particular sem Fins Lucrativos
2023/12/17 22:05:56,DESAFIO,26,São José de Ribamar,Design e Experiência,Feminino,Empregado,Branca,Ens. Médio Completo,Não,Sim,Até  R$ 1.302,Ter formação em uma das Trilhas,Pública
2023/12/17 22:10:35,DESAFIO,39,Bacabal,Ciência de Dados,Feminino,Empregado,Preta,Ens. Médio Completo,Não,Sim,Até  R$ 1.302,Conseguir um emprego,Pública
2023/12/17 22:15:15,DESAFIO,22,São Luís,Programação (Front-end),Feminino,Desempregado,Branca,Ens. Médio Completo,Não,Sim,Até  R$ 1.302,Conseguir um emprego,Pública
2023/12/17 22:22:15,DESAFIO,16,São Luís,Programação de Jogos,Masculino,"Não estou empregado, mas focando apenas nos estudos",Parda,Ens. Médio em Curso,Não,Não,Entre R$ 2.606 e R$ 3.907,Conseguir um emprego,Pública
2023/12/17 22:23:24,DESAFIO,19,Maracaçumé,Programação (Back-end),Masculino,A busca de emprego,Parda,Graduação Incompleta (ou cursando),Não,Sim,Até  R$ 1.302,Ter formação em uma das Trilhas,Pública
2023/12/17 22:25:48,DESAFIO,28,São Luís,Programação (Front-end),Masculino,"Não estou empregado, mas focando apenas nos estudos",Parda,Graduação Incompleta (ou cursando),Não,Sim,Entre R$ 2.606 e R$ 3.907,Ter formação em uma das Trilhas,Particular (bolsista 100%)
2023/12/17 22:26:04,DESAFIO,29,São José de Ribamar,Ciência de Dados,Masculino,A busca de emprego,Parda,Graduação Completa,Não,Sim,Entre R$ 1.303 e R$ 2.605,Ter formação em uma das Trilhas,Pública
2023/12/17 22:30:55,DESAFIO,16,São Luís,Programação (Front-end),Masculino,Nunca Trabalhei,Parda,Ens. Médio em Curso,Não,Não,Entre R$ 1.303 e R$ 2.605,Ter formação em uma das Trilhas,Pública
2023/12/17 22:31:04,DESAFIO,17,São Luís,Ciência de Dados,Feminino,Nunca Trabalhei,Preta,Ens. Médio Completo,Não,Sim,Entre R$ 2.606 e R$ 3.907,Receber ajuda financeira,Particular sem Fins Lucrativos
2023/12/17 22:31:51,DESAFIO,31,São Bento,Ciência de Dados,Masculino,Desempregado,Branca,Graduação Incompleta (ou cursando),Não,Sim,Até  R$ 1.302,Ter formação em uma das Trilhas,Pública
2023/12/17 22:32:23,DESAFIO,24,São Luís,Design e Experiência,Feminino,Autônomo,Preta,Graduação Completa,Não,Sim,Superior a R$ 7.000,Conseguir um emprego,Particular sem Fins Lucrativos
2023/12/17 22:34:22,DESAFIO,27,São Luís,Ciência de Dados,Feminino,"Não estou empregado, mas focando apenas nos estudos",Branca,Graduação Incompleta (ou cursando),Não,Sim,Até  R$ 1.302,Ter formação em uma das Trilhas,Pública
2023/12/17 22:37:36,DESAFIO,41,São Luís,Programação de Jogos,Feminino,"Empregado, mas não na área tecnológica",Parda,Graduação Completa,Não,Sim,Até  R$ 1.302,Conseguir um emprego,Particular (bolsista 100%)
2023/12/17 22:38:05,DESAFIO,49,São Luís,Ciência de Dados,Masculino,Autônomo,Preta,Graduação Incompleta (ou cursando),Não,Sim,Entre R$ 1.303 e R$ 2.605,Mudança de carreira,Pública
2023/12/17 22:42:33,DESAFIO,29,Bacabal,Programação (Back-end),Masculino,Empregado,Preta,Graduação Completa,Não,Sim,Entre R$ 1.303 e R$ 2.605,Ter formação em uma das Trilhas,Pública
2023/12/17 22:42:38,DESAFIO,40,Açailândia,Ciência de Dados,Masculino,Empregado,Branca,Pós-Graduação Completa,Não,Sim,Superior a R$ 7.000,Mudança de carreira,Pública
2023/12/17 22:47:09,DESAFIO,42,Humberto de Campos,Design e Experiência,Masculino,A busca de emprego,Parda,Ens. Médio Completo,Não,Sim,Até  R$ 1.302,Conseguir um emprego,Pública
2023/12/17 22:47:42,DESAFIO,17,São Luís,Programação (Back-end),Masculino,"Não estou empregado, mas focando apenas nos estudos",Parda,Ens. Médio em Curso,Não,Sim,Entre R$ 1.303 e R$ 2.605,Conseguir um emprego,Pública
2023/12/17 23:14:19,DESAFIO,19,Bacabal,Design e Experiência,Masculino,"Não estou empregado, mas focando apenas nos estudos",Parda,Ens. Médio Completo,Não,Sim,Até  R$ 1.302,Conseguir um emprego,Pública
2023/12/17 23:16:45,DESAFIO,25,Zé Doca,Programação de Jogos,Feminino,Desempregado,Branca,Ens. Médio Completo,Não,Sim,Até  R$ 1.302,Ter formação em uma das Trilhas,Pública
2023/12/17 23:17:43,DESAFIO,16,São Luís,Design e Experiência,Masculino,Desempregado,Preta,Ens. Médio em Curso,Não,Sim,Entre R$ 2.606 e R$ 3.907,Receber ajuda financeira,Pública
2023/12/17 23:21:20,DESAFIO,27,São Luís,Design e Experiência,Feminino,Autônomo,Branca,Graduação Incompleta (ou cursando),Não,Sim,Entre R$ 3.908 e R$ 5.209,Conseguir um emprego,Pública
2023/12/17 23:26:50,DESAFIO,23,Açailândia,Ciência de Dados,Feminino,A busca de emprego,Parda,Ens. Médio Completo,Não,Sim,Até  R$ 1.302,Ter formação em uma das Trilhas,Pública
2023/12/17 23:43:50,DESAFIO,23,Bacabal,Design e Experiência,Masculino,A busca de emprego,Parda,Graduação Incompleta (ou cursando),Não,Sim,Até  R$ 1.302,Conseguir um emprego,Pública
2023/12/17 23:44:48,DESAFIO,24,Paço do Lumiar,Design e Experiência,Feminino,"Não estou empregado, mas focando apenas nos estudos",Parda,Graduação Incompleta (ou cursando),Não,Sim,Entre R$ 1.303 e R$ 2.605,Conseguir um emprego,Pública
2023/12/18 00:45:09,DESAFIO,38,Codó,Ciência de Dados,Feminino,Desempregado,Preta,Graduação Completa,Não,Sim,Até  R$ 1.302,Ter formação em uma das Trilhas,Pública
2023/12/18 01:08:11,DESAFIO,32,São Luís,Ciência de Dados,Masculino,Empregado,Parda,Graduação Completa,Sim,Sim,Entre R$ 1.303 e R$ 2.605,Ter formação em uma das Trilhas,Pública
2023/12/18 01:17:17,DESAFIO,23,Coroatá,Ciência de Dados,Masculino,Autônomo,Branca,Ens. Médio Completo,Não,Sim,Até  R$ 1.302,Ter formação em uma das Trilhas,Pública
2023/12/18 01:18:07,DESAFIO,37,São Luís,Ciência de Dados,Feminino,Desempregado,Parda,Ens. Médio Completo,Não,Sim,Entre R$ 1.303 e R$ 2.605,Mudança de carreira,Pública
2023/12/18 02:21:44,DESAFIO,37,São Luís,Ciência de Dados,Masculino,Desempregado,Preta,Ens. Médio Completo,Não,Sim,Entre R$ 1.303 e R$ 2.605,Conseguir um emprego,Pública
2023/12/18 06:53:12,DESAFIO,31,Colinas,Ciência de Dados,Masculino,Empregado,Branca,Ens. Médio Completo,Não,Sim,Entre R$ 1.303 e R$ 2.605,Mudança de carreira,Pública
2023/12/18 07:07:35,DESAFIO,27,Palmeirândia,Ciência de Dados,Feminino,A busca de emprego,Preta,Graduação Incompleta (ou cursando),Não,Sim,Até  R$ 1.302,Ter formação em uma das Trilhas,Pública
2023/12/18 08:01:29,DESAFIO,25,São José de Ribamar,Ciência de Dados,Masculino,Empregado,Branca,Graduação Incompleta (ou cursando),Não,Sim,Entre R$ 1.303 e R$ 2.605,Ter formação em uma das Trilhas,Pública
2023/12/18 08:02:42,DESAFIO,30,Miranda do Norte,Ciência de Dados,Masculino,Desempregado,Branca,Graduação Completa,Não,Sim,Até  R$ 1.302,Receber ajuda financeira,Pública
2023/12/18 08:07:43,DESAFIO,27,Codó,Programação (Front-end),Feminino,Empregado,Branca,Ens. Médio Completo,Não,Sim,Até  R$ 1.302,Ter formação em uma das Trilhas,Pública
2023/12/18 08:07:54,DESAFIO,48,Presidente Dutra,Ciência de Dados,Masculino,Desempregado,Branca,Ens. Médio Completo,Não,Sim,Até  R$ 1.302,Conseguir um emprego,Particular (bolsista 100%)